seconds,timestamp,image,transcript
6900,01:55:00,lego_01-55-00.jpg,and we're going to try so the way I have envisioned this is that we're going to mount some Wheels on the side of the tracks
6910,01:55:10,lego_01-55-10.jpg,similar to how they did in the first roller coaster the first roller coaster has the the chain that brings the roller coaster up but then at the top it uses some Wheels
6920,01:55:20,lego_01-55-20.jpg,to basically push it around the curves so we're going to do something similar we're going to have uh
6930,01:55:30,lego_01-55-30.jpg,some Wheels mounted on the top and I think we
6940,01:55:40,lego_01-55-40.jpg,will have two of them I do have a prototype already built here oh I just lost the piece
6950,01:55:50,lego_01-55-50.jpg,and we got some Motors and a battery
6960,01:56:00,lego_01-56-00.jpg,box motor battery
6970,01:56:10,lego_01-56-10.jpg,box and I'm using these new flip-flop Technic gears which are Super super awesome
6980,01:56:20,lego_01-56-20.jpg,actually uh I think they're uh going to be Game Changer in terms of building like compact
6990,01:56:30,lego_01-56-30.jpg,mechanisms so I think the way I want to do this the way I had the Prototype I actually want two wheels mounted on the side and I'm going to actually
7000,01:56:40,lego_01-56-40.jpg,have two of these connect together to drive
7010,01:56:50,lego_01-56-50.jpg,so we need a way to drive these obviously and so we're going to
7020,01:57:00,lego_01-57-00.jpg,put some double bubble gears mounted like
7030,01:57:10,lego_01-57-10.jpg,so so we're going to go like so
7040,01:57:20,lego_01-57-20.jpg,and we're actually just going to tack these in like that that way I can drive
7050,01:57:30,lego_01-57-30.jpg,and then we'll put another one obviously actually let's just make this all
7060,01:57:40,lego_01-57-40.jpg,color coordinated put black one and then we need another
7070,01:57:50,lego_01-57-50.jpg,you know I took all these pieces out but oh there's
7080,01:58:00,lego_01-58-00.jpg,one
7090,01:58:10,lego_01-58-10.jpg,okay so now I have a single Drive drive
7100,01:58:20,lego_01-58-20.jpg,axle that drives both of those wheels so we're just going to have to we're going to mount this on the side of the track here and to do that
7110,01:58:30,lego_01-58-30.jpg,I'm actually going to use the bars that run in the middle of the track and we're just going to clip we're going to use these uh little Clips with a bar on them
7120,01:58:40,lego_01-58-40.jpg,to clip clip it to the track we're just going
7130,01:58:50,lego_01-58-50.jpg,to stick that in a technic connector we're going to put the Clips in so that way I can clip this Technic
7140,01:59:00,lego_01-59-00.jpg,connector to the bottom of the track and then we can mount whatever we want to to the track itself and it shouldn't interfere with the coaster actually
7150,01:59:10,lego_01-59-10.jpg,operating um so we'll make another one of those
7160,01:59:20,lego_01-59-20.jpg,and then we'll connect them together with a relatively long
7170,01:59:30,lego_01-59-30.jpg,axle so now I can clip it to basically because I have these mounted on an axle I can adjust the length of them to suit
7180,01:59:40,lego_01-59-40.jpg,the distance between the crossbars on the track so there we have a super it's actually quite a Sol
7190,01:59:50,lego_01-59-50.jpg,ID oh man I pulled a lot of these pieces out it's quite a solid colle connection to the track just from underneath
7200,02:00:00,lego_02-00-00.jpg,and uh you can actually Mount this to because it's got a sliding cuz these connectors are mounted on a sliding axle we can sh vary the
7210,02:00:10,lego_02-00-10.jpg,distance between them so we can actually mount it to any track piece uh The Straits either of these uh large
7220,02:00:20,lego_02-00-20.jpg,slopes the small slopes and uh I think we'll obviously probably have to figure out a way to connect them to the curved slopes
7230,02:00:30,lego_02-00-30.jpg,as well but uh I don't think that should be too much of a problem okay uh but
7240,02:00:40,lego_02-00-40.jpg,now we need to somehow Mount that as well so more Technic connectors we're just going to slide these
7250,02:00:50,lego_02-00-50.jpg,on actually I'm going to sit this one in
7260,02:01:00,lego_02-01-00.jpg,
7270,02:01:10,lego_02-01-10.jpg,there and I want this I don't want this to be rigidly mounted so I'm actually sliding these wheels on these
7280,02:01:20,lego_02-01-20.jpg,axles and I'm going to stick a rubber band to pull them in so that way when the
7290,02:01:30,lego_02-01-30.jpg,when the roller coaster comes by it can actually uh it'll it needs to like
7300,02:01:40,lego_02-01-40.jpg,basically have some flexibility in the movement so that it doesn't bind uh so we're just going to stick a rubber band on it like so
7310,02:01:50,lego_02-01-50.jpg,so now we have this basically spring-loaded set of Drive wheels that we can mount beside the roller coaster
7320,02:02:00,lego_02-02-00.jpg,track and I think that's pretty much it for this one I'm
7330,02:02:10,lego_02-02-10.jpg,going to mount this on so
7340,02:02:20,lego_02-02-20.jpg,now in theory when the roller coaster comes up you can see how it like turns the wheels but if I'm actually driving
7350,02:02:30,lego_02-02-30.jpg,these wheels it should lift the coaster up now this coaster actually might be too heavy in my testing I was only using empty
7360,02:02:40,lego_02-02-40.jpg,coasters and this thing is actually quite heavy so we'll see it might not work at all oh and actually her head gets in the way very interesting I might have to mount
7370,02:02:50,lego_02-02-50.jpg,it on the other side so there's clearance which we can definitely
7380,02:03:00,lego_02-03-00.jpg,do shouldn't be a
7390,02:03:10,lego_02-03-10.jpg,problem and then we should have some clearance
7400,02:03:20,lego_02-03-20.jpg,
7410,02:03:30,lego_02-03-30.jpg,okay uh now we need to make another one of those actually we're going to need to make a few might need to make more
7420,02:03:40,lego_02-03-40.jpg,than more than a few
7430,02:03:50,lego_02-03-50.jpg,we're going to need at least three because we'll probably need one on this section of track one on this section of track and then one on this section
7440,02:04:00,lego_02-04-00.jpg,of track so I'm just going to put a bunch together I think I have enough I think I pull enough pieces out to
7450,02:04:10,lego_02-04-10.jpg,make three of them or four of them I have uh one prototype already bu built
7460,02:04:20,lego_02-04-20.jpg,so but now that I know how this goes together should be pretty uh
7470,02:04:30,lego_02-04-30.jpg,
7480,02:04:40,lego_02-04-40.jpg,quick kind of doing this just based on memory but uh when first starting with an idea do you
7490,02:04:50,lego_02-04-50.jpg,prototype just by taking Parts in building or do you do anything electronically first no it's all just mostly I'd say
7500,02:05:00,lego_02-05-00.jpg,90 9% of the time I always start with real bricks and I just figure out
7510,02:05:10,lego_02-05-10.jpg,how to put them together yeah I just prototype with real bricks
7520,02:05:20,lego_02-05-20.jpg,it's definitely the way I prefer to
7530,02:05:30,lego_02-05-30.jpg,build
7540,02:05:40,lego_02-05-40.jpg,okay we need to make the drives train again uh maybe mount it on the other side to avoid collision with train below yeah since the gears
7550,02:05:50,lego_02-05-50.jpg,are hanging too low yes great minds think alike indeed
7560,02:06:00,lego_02-06-00.jpg,that is what we have done okay uh
7570,02:06:10,lego_02-06-10.jpg,actually I don't know if I have enough of that part
7580,02:06:20,lego_02-06-20.jpg,all right there number two oh yeah we
7590,02:06:30,lego_02-06-30.jpg,do do some Mi mix and match the colors but that's
7600,02:06:40,lego_02-06-40.jpg,fine
7610,02:06:50,lego_02-06-50.jpg,
7620,02:07:00,lego_02-07-00.jpg,okay actually one of
7630,02:07:10,lego_02-07-10.jpg,these actually I'm just going to put two together for now for the for the Straits
7640,02:07:20,lego_02-07-20.jpg,[Music] which way do I want this to
7650,02:07:30,lego_02-07-30.jpg,go this
7660,02:07:40,lego_02-07-40.jpg,way I need more half p
7670,02:07:50,lego_02-07-50.jpg,
7680,02:08:00,lego_02-08-00.jpg,riveting entertainment here do I have a mechanical engineering degree or is it
7690,02:08:10,lego_02-08-10.jpg,just experience uh I do have an engineering degree it's uh not mechanical though okay uh
7700,02:08:20,lego_02-08-20.jpg,basically all of this is just from experience and playing okay I'm going to mount these oh actually yeah I want those on the other
7710,02:08:30,lego_02-08-30.jpg,side I want to mount it on the other side M this one on the other side as well if there's
7720,02:08:40,lego_02-08-40.jpg,space yeah appears to be space and then we somehow need to motorize all
7730,02:08:50,lego_02-08-50.jpg,this and uh for that actually I'm going to
7740,02:09:00,lego_02-09-00.jpg,need to get a few more
7750,02:09:10,lego_02-09-10.jpg,pieces oh basically I'm going to try Mount
7760,02:09:20,lego_02-09-20.jpg,the motor directly onto the end of one of them so we can drive it give it a little direct drive action
7770,02:09:30,lego_02-09-30.jpg,um and there appears to be more room at top so I'm just going to take the top one off and we're going to stick a motor on it
7780,02:09:40,lego_02-09-40.jpg,somehow and for now I'm just going to tack on I'm just going to tack
7790,02:09:50,lego_02-09-50.jpg,on I'm going to tack on a motor
7800,02:10:00,lego_02-10-00.jpg,we're just going to tack on a lift arm to the end so we have something to actually connect the motor to
7810,02:10:10,lego_02-10-10.jpg,and we're actually going to need a longer axle which I anticipated so we'll get a five long axle we'll stick
7820,02:10:20,lego_02-10-20.jpg,this on so this way
7830,02:10:30,lego_02-10-30.jpg,basically I've just stuck another Technic connector on here so I can put a pin on it and then we can just stick the motor right on So in
7840,02:10:40,lego_02-10-40.jpg,theory we got our battery box stick it on we can just direct
7850,02:10:50,lego_02-10-50.jpg,drive this whole
7860,02:11:00,lego_02-11-00.jpg,thing let's see except it is on the other side will this fit down here actually
7870,02:11:10,lego_02-11-10.jpg,I think we'll put it on the bottom if we can will this all fit
7880,02:11:20,lego_02-11-20.jpg,it would be nicer if there wasn't a big motor sticking out the top
7890,02:11:30,lego_02-11-30.jpg,anyway well this slope is just a bit in the way so I'm actually going to take that
7900,02:11:40,lego_02-11-40.jpg,off for now okay so we have a motor
7910,02:11:50,lego_02-11-50.jpg,with one motorized it's hitting it's hitting the
7920,02:12:00,lego_02-12-00.jpg,alien okay there we go so now in theory we got one motor in theory
7930,02:12:10,lego_02-12-10.jpg,when this comes up here oh it's going the wrong way oh yeah it pushes pushes the coaster
7940,02:12:20,lego_02-12-20.jpg,up which is good but obviously we need to need to motorize the other section as
7950,02:12:30,lego_02-12-30.jpg,well I love your GBC modules I plans for new one hey guys let's start cheers thanks my
7960,02:12:40,lego_02-12-40.jpg,friend Lego Battle Master just joined you're almost done yeah we're almost done uh well I don't know if it'll completely work when we're but anyway okay
7970,02:12:50,lego_02-12-50.jpg,uh yeah we're getting we're getting places we have one motorized section to track uh we do need to somehow transfer all this rotational movement
7980,02:13:00,lego_02-13-00.jpg,to this other motorized section of track or other so I'm going to put this one back on and in
7990,02:13:10,lego_02-13-10.jpg,theory I think we can we can just connect these two axles
8000,02:13:20,lego_02-13-20.jpg,with some universal joints which I conveniently have
8010,02:13:30,lego_02-13-30.jpg,located here how far how long an axle do we
8020,02:13:40,lego_02-13-40.jpg,need actually let's slide this down a little bit these are adjustable to a certain
8030,02:13:50,lego_02-13-50.jpg,degree because you can just slide them on an axle but I do think I
8040,02:14:00,lego_02-14-00.jpg,want a nine long axle instead of an eight long
8050,02:14:10,lego_02-14-10.jpg,one let's slide that
8060,02:14:20,lego_02-14-20.jpg,back up okay so now in theory that should drive both of
8070,02:14:30,lego_02-14-30.jpg,them oh except have the gearing backwards
8080,02:14:40,lego_02-14-40.jpg,on this one this one has to be turned around
8090,02:14:50,lego_02-14-50.jpg,right much better oh yeah now we need a shorter axle back
8100,02:15:00,lego_02-15-00.jpg,it's important that the gears go the right way otherwise your roller coaster is going nowhere
8110,02:15:10,lego_02-15-10.jpg,fast
8120,02:15:20,lego_02-15-20.jpg,okay now we're cooking
8130,02:15:30,lego_02-15-30.jpg,both Motors going in the right direction excellent crazy
8140,02:15:40,lego_02-15-40.jpg,Technic with all kinds of stuff in the chat I have no idea what you're talking about
8150,02:15:50,lego_02-15-50.jpg,I think he need some support from the motor itself at the bottom it will hang and wiggle in the whole assembly due to vibration yeah we'll see I
8160,02:16:00,lego_02-16-00.jpg,mean so far so good uh we're just going to do some manual testing up
8170,02:16:10,lego_02-16-10.jpg,to this [Music] point now my coaster is not on the track so help [Music]
8180,02:16:20,lego_02-16-20.jpg,oh yeah it does seem to be a bit too
8190,02:16:30,lego_02-16-30.jpg,heavy well that work oh [Music]
8200,02:16:40,lego_02-16-40.jpg,yeah okay but now we also need to
8210,02:16:50,lego_02-16-50.jpg,motorize we need more we need more power
8220,02:17:00,lego_02-17-00.jpg,we definitely need more have this other one pre-built here
8230,02:17:10,lego_02-17-10.jpg,which we can mount on the outside of this track
8240,02:17:20,lego_02-17-20.jpg,
8250,02:17:30,lego_02-17-30.jpg,and I think like
8260,02:17:40,lego_02-17-40.jpg,ultimately you might be able to join all of these uh accelerators together with the you know universal
8270,02:17:50,lego_02-17-50.jpg,joints but uh that's going to probably be super annoying and really finicky to get working so for now I'm just going
8280,02:18:00,lego_02-18-00.jpg,to that is definitely running the wrong way we're going to need to reverse these as well if I use the same battery box
8290,02:18:10,lego_02-18-10.jpg,anyway it's also missing a gear so that needs to be rectified
8300,02:18:20,lego_02-18-20.jpg,it's going quite fast
8310,02:18:30,lego_02-18-30.jpg,yeah uh but I will need
8320,02:18:40,lego_02-18-40.jpg,to actually I might just get
8330,02:18:50,lego_02-18-50.jpg,another do I have another battery box no probably not because I'll need to
8340,02:19:00,lego_02-19-00.jpg,change the gearing well maybe I can just turn this
8350,02:19:10,lego_02-19-10.jpg,around
8360,02:19:20,lego_02-19-20.jpg,
8370,02:19:30,lego_02-19-30.jpg,okay will this no because I turned it around and I turned the gearing around I actually just need
8380,02:19:40,lego_02-19-40.jpg,to [Music] redo the gearing on this one
8390,02:19:50,lego_02-19-50.jpg,
8400,02:20:00,lego_02-20-00.jpg,oh no I lost the
8410,02:20:10,lego_02-20-10.jpg,piece
8420,02:20:20,lego_02-20-20.jpg,
8430,02:20:30,lego_02-20-30.jpg,can
8440,02:20:40,lego_02-20-40.jpg,you make breaks for the station too yeah I don't think so
8450,02:20:50,lego_02-20-50.jpg,I think ultimately I need to put the gears on the other side in this configur I just need to drive it from the back actually
8460,02:21:00,lego_02-21-00.jpg,so what we're going to do is we are going to make that
8470,02:21:10,lego_02-21-10.jpg,longer need a longer lift
8480,02:21:20,lego_02-21-20.jpg,arm and then
8490,02:21:30,lego_02-21-30.jpg,this axle will need to be 1 2 3 four five six 7even
8500,02:21:40,lego_02-21-40.jpg,long
8510,02:21:50,lego_02-21-50.jpg,and
8520,02:22:00,lego_02-22-00.jpg,then yeah there we
8530,02:22:10,lego_02-22-10.jpg,go excellent so in theory
8540,02:22:20,lego_02-22-20.jpg,I still think this coaster might be a bit too [Music] heavy a it doesn't quite make it to the first
8550,02:22:30,lego_02-22-30.jpg,set of drivers I'm just going to try it with a
8560,02:22:40,lego_02-22-40.jpg,empty coaster I'm just curious yeah cuzz with a lighter coaster
8570,02:22:50,lego_02-22-50.jpg,it actually makes it all the way to [Music]
8580,02:23:00,lego_02-23-00.jpg,[Music] the it's hard to tell what the dark blue
8590,02:23:10,lego_02-23-10.jpg,on the dark blue but uh
8600,02:23:20,lego_02-23-20.jpg,this is what happens when you're trying to put
8610,02:23:30,lego_02-23-30.jpg,prototypes into production I'm actually just going to going to confirm that it's just the weight that's an issue I'm going to use these
8620,02:23:40,lego_02-23-40.jpg,cars without decorations oh interesting these ones definitely don't run
8630,02:23:50,lego_02-23-50.jpg,as smooth as the ones I
8640,02:24:00,lego_02-24-00.jpg,[Music] have got to trim some fat off those astronauts
8650,02:24:10,lego_02-24-10.jpg,oh Jake sovich is in the house yeah clearly uh it's
8660,02:24:20,lego_02-24-20.jpg,uh I mean we could definitely add another accelerator to this track piece
8670,02:24:30,lego_02-24-30.jpg,here which we might have to do to make it more
8680,02:24:40,lego_02-24-40.jpg,reliable but yeah it is definitely an intense ride oh we're close though it's definitely
8690,02:24:50,lego_02-24-50.jpg,close I'll definitely have to play around with it a little bit more I think if you have a standard track with the
8700,02:25:00,lego_02-25-00.jpg,without the curved without the curved slope Corners uh you could
